Capacity,Rb_avg,Rb_max,Rb_min,snr_avg,snr_max,snr_min,blocking_count
4200.0,100.0,100.0,100.0,25.706924222352445,31.01334312901939,22.101353734989218,0.0
