Capacity,Rb_avg,Rb_max,Rb_min,snr_avg,snr_max,snr_min,blocking_count
15000.0,357.1428571428571,400.0,100.0,25.706924222352438,31.01334312901939,22.101353734989218,0.0
